{
  "problem_id": 18,
  "var_names": [
    "X0",
    "X1",
    "X2",
    "X3"
  ],
  "edges": [
    [
      "X0",
      "X2"
    ],
    [
      "X0",
      "X3"
    ]
  ],
  "treatment": "X0",
  "outcome": "X2",
  "true_ate": 0.7930975847335289,
  "obs_EY_given_T_low": -0.3527030584953799,
  "obs_EY_given_T_high": 0.35608470957571275,
  "intv_EY_do_T_low": -0.7586568049344729,
  "intv_EY_do_T_high": 0.8197290286087293,
  "intv_ate": 1.5783858335432022
}