{
  "problem_id": 36,
  "var_names": [
    "X0",
    "X1",
    "X2",
    "X3"
  ],
  "edges": [
    [
      "X0",
      "X1"
    ],
    [
      "X1",
      "X3"
    ]
  ],
  "treatment": "X0",
  "outcome": "X3",
  "true_ate": 0.46763166596363315,
  "obs_EY_given_T_low": -0.19118087372440254,
  "obs_EY_given_T_high": 0.16117775216033536,
  "intv_EY_do_T_low": -0.004140867838803457,
  "intv_EY_do_T_high": -0.006115965699599965,
  "intv_ate": -0.001975097860796508
}