{
  "problem_id": 100,
  "var_names": [
    "X0",
    "X1",
    "X2",
    "X3",
    "X4"
  ],
  "edges": [
    [
      "X0",
      "X1"
    ],
    [
      "X0",
      "X2"
    ],
    [
      "X1",
      "X4"
    ],
    [
      "X2",
      "X3"
    ],
    [
      "X2",
      "X4"
    ]
  ],
  "treatment": "X2",
  "outcome": "X4",
  "true_ate": 0.6144891416128577,
  "obs_EY_given_T_low": -0.780281052079438,
  "obs_EY_given_T_high": 0.7608729770743906,
  "intv_EY_do_T_low": -0.8443795586103388,
  "intv_EY_do_T_high": 0.8148082773204085,
  "intv_ate": 1.6591878359307473
}