{
  "problem_id": 48,
  "var_names": [
    "X0",
    "X1",
    "X2",
    "X3",
    "X4"
  ],
  "edges": [
    [
      "X0",
      "X1"
    ],
    [
      "X0",
      "X4"
    ],
    [
      "X1",
      "X3"
    ],
    [
      "X2",
      "X4"
    ],
    [
      "X3",
      "X4"
    ]
  ],
  "treatment": "X0",
  "outcome": "X1",
  "true_ate": 1.3399637037178054,
  "obs_EY_given_T_low": -0.5838728822283958,
  "obs_EY_given_T_high": 0.5500814406264963,
  "intv_EY_do_T_low": -1.3610831209869465,
  "intv_EY_do_T_high": 1.3355400806735287,
  "intv_ate": 2.696623201660475
}