{
  "problem_id": 1,
  "var_names": [
    "X0",
    "X1",
    "X2",
    "X3",
    "X4",
    "X5"
  ],
  "edges": [
    [
      "X0",
      "X2"
    ],
    [
      "X0",
      "X3"
    ],
    [
      "X1",
      "X2"
    ],
    [
      "X1",
      "X4"
    ],
    [
      "X1",
      "X5"
    ],
    [
      "X2",
      "X3"
    ],
    [
      "X3",
      "X4"
    ],
    [
      "X3",
      "X5"
    ],
    [
      "X4",
      "X5"
    ]
  ],
  "treatment": "X0",
  "outcome": "X3",
  "true_ate": 2.1939233506605977,
  "obs_EY_given_T_low": -0.9041094825679266,
  "obs_EY_given_T_high": 0.8073489334969874,
  "intv_EY_do_T_low": -1.750721907105148,
  "intv_EY_do_T_high": 1.7712901593198196,
  "intv_ate": 3.522012066424968
}