{
  "problem_id": 29,
  "var_names": [
    "X0",
    "X1",
    "X2"
  ],
  "edges": [
    [
      "X0",
      "X1"
    ]
  ],
  "treatment": "X0",
  "outcome": "X1",
  "true_ate": 0.8282575819550222,
  "obs_EY_given_T_low": -0.3230535156658793,
  "obs_EY_given_T_high": 0.3441120769602119,
  "intv_EY_do_T_low": -0.8546474010164268,
  "intv_EY_do_T_high": 0.8494245197356189,
  "intv_ate": 1.7040719207520456
}