{
  "problem_id": 59,
  "var_names": [
    "X0",
    "X1",
    "X2",
    "X3"
  ],
  "edges": [
    [
      "X1",
      "X3"
    ]
  ],
  "treatment": "X1",
  "outcome": "X3",
  "true_ate": 0.7200052418331953,
  "obs_EY_given_T_low": -0.31309576897182206,
  "obs_EY_given_T_high": 0.32658891892757425,
  "intv_EY_do_T_low": -0.7274210612103587,
  "intv_EY_do_T_high": 0.7311426402574932,
  "intv_ate": 1.4585637014678519
}