{
  "problem_id": 130,
  "var_names": [
    "X0",
    "X1",
    "X2",
    "X3"
  ],
  "edges": [
    [
      "X0",
      "X1"
    ]
  ],
  "treatment": "X0",
  "outcome": "X1",
  "true_ate": 0.4444790624666968,
  "obs_EY_given_T_low": -0.19207480316735603,
  "obs_EY_given_T_high": 0.1719820026286725,
  "intv_EY_do_T_low": -0.4295005675916318,
  "intv_EY_do_T_high": 0.4305477894422473,
  "intv_ate": 0.860048357033879
}