{
  "problem_id": 142,
  "var_names": [
    "X0",
    "X1",
    "X2"
  ],
  "edges": [
    [
      "X0",
      "X1"
    ]
  ],
  "treatment": "X0",
  "outcome": "X1",
  "true_ate": 1.734426799393653,
  "obs_EY_given_T_low": -0.6837926435607716,
  "obs_EY_given_T_high": 0.6874630465486193,
  "intv_EY_do_T_low": -1.683675030089226,
  "intv_EY_do_T_high": 1.729150609805931,
  "intv_ate": 3.412825639895157
}