{
  "problem_id": 110,
  "var_names": [
    "X0",
    "X1",
    "X2"
  ],
  "edges": [
    [
      "X0",
      "X1"
    ],
    [
      "X0",
      "X2"
    ],
    [
      "X1",
      "X2"
    ]
  ],
  "treatment": "X0",
  "outcome": "X1",
  "true_ate": 0.516500623789117,
  "obs_EY_given_T_low": -0.19427126113264526,
  "obs_EY_given_T_high": 0.20833539280024935,
  "intv_EY_do_T_low": -0.5349295706197958,
  "intv_EY_do_T_high": 0.5213500333129761,
  "intv_ate": 1.056279603932772
}