{
  "problem_id": 5,
  "var_names": [
    "X0",
    "X1",
    "X2",
    "X3",
    "X4"
  ],
  "edges": [
    [
      "X0",
      "X4"
    ],
    [
      "X1",
      "X3"
    ],
    [
      "X1",
      "X4"
    ],
    [
      "X3",
      "X4"
    ]
  ],
  "treatment": "X1",
  "outcome": "X4",
  "true_ate": 2.754506260913553,
  "obs_EY_given_T_low": -1.1736726562317294,
  "obs_EY_given_T_high": 1.1227259025943968,
  "intv_EY_do_T_low": -0.9887022459498787,
  "intv_EY_do_T_high": 0.9244526216342008,
  "intv_ate": 1.9131548675840795
}