{
  "problem_id": 137,
  "var_names": [
    "X0",
    "X1",
    "X2",
    "X3",
    "X4",
    "X5"
  ],
  "edges": [
    [
      "X0",
      "X4"
    ],
    [
      "X1",
      "X2"
    ],
    [
      "X1",
      "X3"
    ],
    [
      "X1",
      "X5"
    ],
    [
      "X2",
      "X4"
    ],
    [
      "X2",
      "X5"
    ],
    [
      "X3",
      "X5"
    ]
  ],
  "treatment": "X2",
  "outcome": "X5",
  "true_ate": 0.5041707278147286,
  "obs_EY_given_T_low": -0.8213111570255026,
  "obs_EY_given_T_high": 1.0031026466631896,
  "intv_EY_do_T_low": -0.5261206584901474,
  "intv_EY_do_T_high": 0.7107412381653433,
  "intv_ate": 1.2368618966554907
}