{
  "problem_id": 56,
  "var_names": [
    "X0",
    "X1",
    "X2",
    "X3",
    "X4",
    "X5"
  ],
  "edges": [
    [
      "X0",
      "X3"
    ],
    [
      "X0",
      "X4"
    ],
    [
      "X0",
      "X5"
    ],
    [
      "X1",
      "X2"
    ],
    [
      "X1",
      "X3"
    ],
    [
      "X1",
      "X4"
    ],
    [
      "X1",
      "X5"
    ],
    [
      "X2",
      "X4"
    ],
    [
      "X2",
      "X5"
    ],
    [
      "X3",
      "X4"
    ]
  ],
  "treatment": "X0",
  "outcome": "X5",
  "true_ate": 1.6957402685289868,
  "obs_EY_given_T_low": -0.7336949717516488,
  "obs_EY_given_T_high": 0.613345394514586,
  "intv_EY_do_T_low": -1.7693924810579282,
  "intv_EY_do_T_high": 1.6617231259456884,
  "intv_ate": 3.4311156070036164
}