{
  "problem_id": 40,
  "var_names": [
    "X0",
    "X1",
    "X2"
  ],
  "edges": [
    [
      "X1",
      "X2"
    ]
  ],
  "treatment": "X1",
  "outcome": "X2",
  "true_ate": 0.6102447891158228,
  "obs_EY_given_T_low": -0.2255990733460343,
  "obs_EY_given_T_high": 0.2769480261258551,
  "intv_EY_do_T_low": -0.600594722216225,
  "intv_EY_do_T_high": 0.633804598260228,
  "intv_ate": 1.234399320476453
}