{
  "problem_id": 30,
  "var_names": [
    "X0",
    "X1",
    "X2",
    "X3",
    "X4"
  ],
  "edges": [
    [
      "X0",
      "X2"
    ],
    [
      "X0",
      "X3"
    ],
    [
      "X0",
      "X4"
    ],
    [
      "X2",
      "X3"
    ],
    [
      "X2",
      "X4"
    ]
  ],
  "treatment": "X2",
  "outcome": "X4",
  "true_ate": 1.7713219641045221,
  "obs_EY_given_T_low": -1.8451527510641828,
  "obs_EY_given_T_high": 1.8824987399564959,
  "intv_EY_do_T_low": -3.639597599985648,
  "intv_EY_do_T_high": 3.7688865055038203,
  "intv_ate": 7.408484105489468
}