{
  "problem_id": 52,
  "var_names": [
    "X0",
    "X1",
    "X2",
    "X3",
    "X4",
    "X5"
  ],
  "edges": [
    [
      "X0",
      "X4"
    ],
    [
      "X3",
      "X5"
    ]
  ],
  "treatment": "X3",
  "outcome": "X5",
  "true_ate": 0.7613210848042091,
  "obs_EY_given_T_low": -0.3035543301323877,
  "obs_EY_given_T_high": 0.32041401818542753,
  "intv_EY_do_T_low": -0.759693876834659,
  "intv_EY_do_T_high": 0.7583160177382373,
  "intv_ate": 1.5180098945728964
}