{
  "problem_id": 136,
  "var_names": [
    "X0",
    "X1",
    "X2",
    "X3"
  ],
  "edges": [
    [
      "X0",
      "X2"
    ],
    [
      "X0",
      "X3"
    ],
    [
      "X1",
      "X3"
    ]
  ],
  "treatment": "X1",
  "outcome": "X3",
  "true_ate": 0.41702534403668823,
  "obs_EY_given_T_low": -0.16801680742277644,
  "obs_EY_given_T_high": 0.13448038042616464,
  "intv_EY_do_T_low": -0.39830919834293244,
  "intv_EY_do_T_high": 0.40763532158727744,
  "intv_ate": 0.8059445199302099
}