{
  "problem_id": 145,
  "var_names": [
    "X0",
    "X1",
    "X2",
    "X3",
    "X4",
    "X5"
  ],
  "edges": [
    [
      "X1",
      "X4"
    ],
    [
      "X2",
      "X3"
    ],
    [
      "X4",
      "X5"
    ]
  ],
  "treatment": "X2",
  "outcome": "X3",
  "true_ate": 0.7217810096628507,
  "obs_EY_given_T_low": -0.30582058586281746,
  "obs_EY_given_T_high": 0.30747202719161454,
  "intv_EY_do_T_low": -0.7269515761889436,
  "intv_EY_do_T_high": 0.7060497178281472,
  "intv_ate": 1.4330012940170906
}