{
  "problem_id": 128,
  "var_names": [
    "X0",
    "X1",
    "X2",
    "X3",
    "X4"
  ],
  "edges": [
    [
      "X1",
      "X2"
    ],
    [
      "X1",
      "X4"
    ],
    [
      "X2",
      "X3"
    ]
  ],
  "treatment": "X1",
  "outcome": "X4",
  "true_ate": 0.40090927745692756,
  "obs_EY_given_T_low": -0.1347386091088565,
  "obs_EY_given_T_high": 0.16462238753502442,
  "intv_EY_do_T_low": -0.41799695235635376,
  "intv_EY_do_T_high": 0.4103768855707782,
  "intv_ate": 0.8283738379271319
}