{
  "problem_id": 58,
  "var_names": [
    "X0",
    "X1",
    "X2",
    "X3",
    "X4",
    "X5"
  ],
  "edges": [
    [
      "X0",
      "X4"
    ],
    [
      "X2",
      "X3"
    ]
  ],
  "treatment": "X2",
  "outcome": "X3",
  "true_ate": 0.925913187354096,
  "obs_EY_given_T_low": -0.38441992183465656,
  "obs_EY_given_T_high": 0.36235351495713913,
  "intv_EY_do_T_low": -0.9131167134331245,
  "intv_EY_do_T_high": 0.9180030593419026,
  "intv_ate": 1.8311197727750272
}