{
  "problem_id": 64,
  "var_names": [
    "X0",
    "X1",
    "X2",
    "X3",
    "X4",
    "X5"
  ],
  "edges": [
    [
      "X0",
      "X2"
    ],
    [
      "X0",
      "X3"
    ],
    [
      "X1",
      "X2"
    ],
    [
      "X1",
      "X4"
    ],
    [
      "X2",
      "X3"
    ],
    [
      "X2",
      "X5"
    ],
    [
      "X3",
      "X5"
    ],
    [
      "X4",
      "X5"
    ]
  ],
  "treatment": "X0",
  "outcome": "X3",
  "true_ate": 2.9667450946092297,
  "obs_EY_given_T_low": -1.2145651492113492,
  "obs_EY_given_T_high": 1.1859070502414084,
  "intv_EY_do_T_low": -1.6507126238261296,
  "intv_EY_do_T_high": 1.6161024541232647,
  "intv_ate": 3.2668150779493943
}