{
  "problem_id": 16,
  "var_names": [
    "X0",
    "X1",
    "X2",
    "X3",
    "X4"
  ],
  "edges": [
    [
      "X0",
      "X3"
    ],
    [
      "X0",
      "X4"
    ],
    [
      "X1",
      "X3"
    ],
    [
      "X2",
      "X3"
    ]
  ],
  "treatment": "X0",
  "outcome": "X3",
  "true_ate": 0.3263417933392075,
  "obs_EY_given_T_low": -0.1047934512897373,
  "obs_EY_given_T_high": 0.10293420182320802,
  "intv_EY_do_T_low": -0.33707745592861615,
  "intv_EY_do_T_high": 0.31385866735537826,
  "intv_ate": 0.6509361232839944
}