{
  "problem_id": 97,
  "var_names": [
    "X0",
    "X1",
    "X2",
    "X3",
    "X4",
    "X5"
  ],
  "edges": [
    [
      "X0",
      "X3"
    ],
    [
      "X0",
      "X4"
    ],
    [
      "X1",
      "X2"
    ],
    [
      "X1",
      "X4"
    ],
    [
      "X2",
      "X4"
    ],
    [
      "X2",
      "X5"
    ],
    [
      "X3",
      "X4"
    ],
    [
      "X4",
      "X5"
    ]
  ],
  "treatment": "X0",
  "outcome": "X3",
  "true_ate": 1.2181815002555734,
  "obs_EY_given_T_low": -0.5015448409756214,
  "obs_EY_given_T_high": 0.4564628523548132,
  "intv_EY_do_T_low": -1.2234341253622987,
  "intv_EY_do_T_high": 1.2200253384622164,
  "intv_ate": 2.443459463824515
}