{
  "problem_id": 104,
  "var_names": [
    "X0",
    "X1",
    "X2",
    "X3",
    "X4",
    "X5"
  ],
  "edges": [
    [
      "X0",
      "X2"
    ],
    [
      "X0",
      "X4"
    ],
    [
      "X1",
      "X2"
    ],
    [
      "X1",
      "X3"
    ],
    [
      "X1",
      "X5"
    ],
    [
      "X2",
      "X3"
    ],
    [
      "X2",
      "X5"
    ],
    [
      "X3",
      "X4"
    ]
  ],
  "treatment": "X2",
  "outcome": "X3",
  "true_ate": 1.792755373925829,
  "obs_EY_given_T_low": -1.5067919597860464,
  "obs_EY_given_T_high": 1.3945756219487975,
  "intv_EY_do_T_low": -3.066434984568254,
  "intv_EY_do_T_high": 2.973330797646724,
  "intv_ate": 6.039765782214978
}