{
  "problem_id": 112,
  "var_names": [
    "X0",
    "X1",
    "X2",
    "X3",
    "X4",
    "X5"
  ],
  "edges": [
    [
      "X0",
      "X3"
    ],
    [
      "X0",
      "X4"
    ],
    [
      "X1",
      "X2"
    ],
    [
      "X2",
      "X3"
    ],
    [
      "X4",
      "X5"
    ]
  ],
  "treatment": "X0",
  "outcome": "X5",
  "true_ate": 1.9807529615011799,
  "obs_EY_given_T_low": -0.8523422963327284,
  "obs_EY_given_T_high": 0.7679856111515148,
  "intv_EY_do_T_low": -0.05756747095174595,
  "intv_EY_do_T_high": -0.03481492472385237,
  "intv_ate": 0.022752546227893578
}