{
  "problem_id": 46,
  "var_names": [
    "X0",
    "X1",
    "X2",
    "X3",
    "X4"
  ],
  "edges": [
    [
      "X0",
      "X1"
    ],
    [
      "X1",
      "X3"
    ],
    [
      "X1",
      "X4"
    ],
    [
      "X2",
      "X3"
    ],
    [
      "X2",
      "X4"
    ],
    [
      "X3",
      "X4"
    ]
  ],
  "treatment": "X1",
  "outcome": "X3",
  "true_ate": 1.5535324349601742,
  "obs_EY_given_T_low": -0.739715265785846,
  "obs_EY_given_T_high": 0.7555978496763531,
  "intv_EY_do_T_low": -1.8681090701353666,
  "intv_EY_do_T_high": 1.8930882532561373,
  "intv_ate": 3.761197323391504
}