{
  "problem_id": 7,
  "var_names": [
    "X0",
    "X1",
    "X2",
    "X3",
    "X4"
  ],
  "edges": [
    [
      "X1",
      "X3"
    ],
    [
      "X3",
      "X4"
    ]
  ],
  "treatment": "X3",
  "outcome": "X4",
  "true_ate": 0.7447303545958353,
  "obs_EY_given_T_low": -0.39449904846890727,
  "obs_EY_given_T_high": 0.3986342814473754,
  "intv_EY_do_T_low": -0.9728821673936239,
  "intv_EY_do_T_high": 1.0049648976212846,
  "intv_ate": 1.9778470650149085
}