{
  "problem_id": 44,
  "var_names": [
    "X0",
    "X1",
    "X2",
    "X3",
    "X4",
    "X5"
  ],
  "edges": [
    [
      "X0",
      "X2"
    ],
    [
      "X0",
      "X5"
    ],
    [
      "X1",
      "X4"
    ],
    [
      "X2",
      "X3"
    ],
    [
      "X2",
      "X4"
    ],
    [
      "X2",
      "X5"
    ],
    [
      "X3",
      "X4"
    ]
  ],
  "treatment": "X3",
  "outcome": "X4",
  "true_ate": 1.1855653772239139,
  "obs_EY_given_T_low": -1.19572119007218,
  "obs_EY_given_T_high": 1.1453152293295235,
  "intv_EY_do_T_low": -2.2989361201646252,
  "intv_EY_do_T_high": 2.26295567125855,
  "intv_ate": 4.561891791423175
}