{
  "problem_id": 117,
  "var_names": [
    "X0",
    "X1",
    "X2",
    "X3",
    "X4"
  ],
  "edges": [
    [
      "X2",
      "X4"
    ]
  ],
  "treatment": "X2",
  "outcome": "X4",
  "true_ate": 1.4433478632634766,
  "obs_EY_given_T_low": -0.568609336026323,
  "obs_EY_given_T_high": 0.5538353771721626,
  "intv_EY_do_T_low": -1.4526745888702248,
  "intv_EY_do_T_high": 1.4303192964903855,
  "intv_ate": 2.8829938853606105
}