{
  "problem_id": 74,
  "var_names": [
    "X0",
    "X1",
    "X2",
    "X3"
  ],
  "edges": [
    [
      "X0",
      "X1"
    ]
  ],
  "treatment": "X0",
  "outcome": "X1",
  "true_ate": 0.6322270932123342,
  "obs_EY_given_T_low": -0.2615890570628521,
  "obs_EY_given_T_high": 0.25348535845270465,
  "intv_EY_do_T_low": -0.6076276186673593,
  "intv_EY_do_T_high": 0.6071153108344894,
  "intv_ate": 1.2147429295018486
}