{
  "problem_id": 63,
  "var_names": [
    "X0",
    "X1",
    "X2",
    "X3",
    "X4",
    "X5"
  ],
  "edges": [
    [
      "X0",
      "X3"
    ],
    [
      "X0",
      "X5"
    ],
    [
      "X1",
      "X2"
    ],
    [
      "X2",
      "X3"
    ],
    [
      "X3",
      "X4"
    ],
    [
      "X3",
      "X5"
    ],
    [
      "X4",
      "X5"
    ]
  ],
  "treatment": "X3",
  "outcome": "X5",
  "true_ate": 1.9080060813906352,
  "obs_EY_given_T_low": -1.154576964964058,
  "obs_EY_given_T_high": 1.186743162737619,
  "intv_EY_do_T_low": -2.1097283940235325,
  "intv_EY_do_T_high": 2.1347141019469063,
  "intv_ate": 4.244442495970439
}