{
  "problem_id": 13,
  "var_names": [
    "X0",
    "X1",
    "X2"
  ],
  "edges": [
    [
      "X1",
      "X2"
    ]
  ],
  "treatment": "X1",
  "outcome": "X2",
  "true_ate": 1.7263217167315064,
  "obs_EY_given_T_low": -0.6294554867146794,
  "obs_EY_given_T_high": 0.6566918491163264,
  "intv_EY_do_T_low": -1.690319324294216,
  "intv_EY_do_T_high": 1.7179045917788927,
  "intv_ate": 3.4082239160731085
}