{
  "problem_id": 4,
  "var_names": [
    "X0",
    "X1",
    "X2",
    "X3"
  ],
  "edges": [
    [
      "X0",
      "X2"
    ],
    [
      "X0",
      "X3"
    ],
    [
      "X2",
      "X3"
    ]
  ],
  "treatment": "X2",
  "outcome": "X3",
  "true_ate": 1.1070830993770666,
  "obs_EY_given_T_low": -1.3525538307593832,
  "obs_EY_given_T_high": 1.327942039001433,
  "intv_EY_do_T_low": -1.8844812928959773,
  "intv_EY_do_T_high": 1.8943891397368897,
  "intv_ate": 3.778870432632867
}