{
  "problem_id": 9,
  "var_names": [
    "X0",
    "X1",
    "X2"
  ],
  "edges": [
    [
      "X0",
      "X2"
    ],
    [
      "X1",
      "X2"
    ]
  ],
  "treatment": "X1",
  "outcome": "X2",
  "true_ate": 0.7745591893846611,
  "obs_EY_given_T_low": -0.304358601371717,
  "obs_EY_given_T_high": 0.3153629261600823,
  "intv_EY_do_T_low": -0.7510674381343775,
  "intv_EY_do_T_high": 0.7996852951946498,
  "intv_ate": 1.5507527333290274
}