{
  "problem_id": 41,
  "var_names": [
    "X0",
    "X1",
    "X2",
    "X3"
  ],
  "edges": [
    [
      "X0",
      "X1"
    ],
    [
      "X0",
      "X2"
    ],
    [
      "X1",
      "X2"
    ],
    [
      "X1",
      "X3"
    ],
    [
      "X2",
      "X3"
    ]
  ],
  "treatment": "X1",
  "outcome": "X2",
  "true_ate": 1.0501997443697755,
  "obs_EY_given_T_low": -0.9065748715666059,
  "obs_EY_given_T_high": 0.9154741644133796,
  "intv_EY_do_T_low": -1.3692239794386187,
  "intv_EY_do_T_high": 1.3618512952975343,
  "intv_ate": 2.731075274736153
}