{
  "problem_id": 71,
  "var_names": [
    "X0",
    "X1",
    "X2",
    "X3"
  ],
  "edges": [
    [
      "X0",
      "X1"
    ],
    [
      "X0",
      "X2"
    ],
    [
      "X0",
      "X3"
    ]
  ],
  "treatment": "X0",
  "outcome": "X3",
  "true_ate": 1.6876936835215661,
  "obs_EY_given_T_low": -0.6905826956700967,
  "obs_EY_given_T_high": 0.735005738541795,
  "intv_EY_do_T_low": -1.726719297782093,
  "intv_EY_do_T_high": 1.7433524001427518,
  "intv_ate": 3.470071697924845
}