{
  "problem_id": 38,
  "var_names": [
    "X0",
    "X1",
    "X2",
    "X3"
  ],
  "edges": [
    [
      "X0",
      "X2"
    ],
    [
      "X0",
      "X3"
    ],
    [
      "X2",
      "X3"
    ]
  ],
  "treatment": "X0",
  "outcome": "X3",
  "true_ate": 1.7079246867550675,
  "obs_EY_given_T_low": -0.6307698216067203,
  "obs_EY_given_T_high": 0.7224021296789531,
  "intv_EY_do_T_low": -1.0536926127990096,
  "intv_EY_do_T_high": 1.1055920071980896,
  "intv_ate": 2.1592846199970994
}