{
  "problem_id": 120,
  "var_names": [
    "X0",
    "X1",
    "X2",
    "X3"
  ],
  "edges": [
    [
      "X0",
      "X1"
    ],
    [
      "X0",
      "X2"
    ],
    [
      "X1",
      "X3"
    ]
  ],
  "treatment": "X0",
  "outcome": "X3",
  "true_ate": 0.7349623017109993,
  "obs_EY_given_T_low": -0.24187622728625524,
  "obs_EY_given_T_high": 0.2821069333116279,
  "intv_EY_do_T_low": 0.0026015692538702887,
  "intv_EY_do_T_high": -0.010115044134440095,
  "intv_ate": -0.012716613388310384
}