{
  "problem_id": 131,
  "var_names": [
    "X0",
    "X1",
    "X2",
    "X3",
    "X4",
    "X5"
  ],
  "edges": [
    [
      "X0",
      "X1"
    ],
    [
      "X0",
      "X3"
    ],
    [
      "X0",
      "X5"
    ],
    [
      "X1",
      "X4"
    ],
    [
      "X3",
      "X5"
    ],
    [
      "X4",
      "X5"
    ]
  ],
  "treatment": "X0",
  "outcome": "X1",
  "true_ate": 0.3014152400769979,
  "obs_EY_given_T_low": -0.11353303751612091,
  "obs_EY_given_T_high": 0.08000658592947853,
  "intv_EY_do_T_low": -0.30159868560510883,
  "intv_EY_do_T_high": 0.31437966068065876,
  "intv_ate": 0.6159783462857675
}