{
  "problem_id": 113,
  "var_names": [
    "X0",
    "X1",
    "X2",
    "X3",
    "X4"
  ],
  "edges": [
    [
      "X0",
      "X1"
    ],
    [
      "X0",
      "X3"
    ],
    [
      "X1",
      "X2"
    ],
    [
      "X1",
      "X4"
    ],
    [
      "X2",
      "X4"
    ],
    [
      "X3",
      "X4"
    ]
  ],
  "treatment": "X0",
  "outcome": "X1",
  "true_ate": 1.7795307314454414,
  "obs_EY_given_T_low": -0.6724665942618904,
  "obs_EY_given_T_high": 0.7091055716174246,
  "intv_EY_do_T_low": -1.7766647797123165,
  "intv_EY_do_T_high": 1.811857194186505,
  "intv_ate": 3.588521973898821
}