{
  "problem_id": 126,
  "var_names": [
    "X0",
    "X1",
    "X2"
  ],
  "edges": [
    [
      "X0",
      "X1"
    ],
    [
      "X0",
      "X2"
    ]
  ],
  "treatment": "X0",
  "outcome": "X1",
  "true_ate": 0.3391772237848859,
  "obs_EY_given_T_low": -0.13973767769647416,
  "obs_EY_given_T_high": 0.12430018756742905,
  "intv_EY_do_T_low": -0.3209588402060978,
  "intv_EY_do_T_high": 0.34833604110142735,
  "intv_ate": 0.6692948813075251
}