{
  "problem_id": 132,
  "var_names": [
    "X0",
    "X1",
    "X2",
    "X3"
  ],
  "edges": [
    [
      "X1",
      "X3"
    ]
  ],
  "treatment": "X1",
  "outcome": "X3",
  "true_ate": 1.3856727483894407,
  "obs_EY_given_T_low": -0.5507962149242217,
  "obs_EY_given_T_high": 0.5466460644380883,
  "intv_EY_do_T_low": -1.4139497401197292,
  "intv_EY_do_T_high": 1.3588425422615102,
  "intv_ate": 2.772792282381239
}