{
  "problem_id": 21,
  "var_names": [
    "X0",
    "X1",
    "X2",
    "X3",
    "X4",
    "X5"
  ],
  "edges": [
    [
      "X0",
      "X3"
    ],
    [
      "X0",
      "X5"
    ],
    [
      "X1",
      "X2"
    ],
    [
      "X3",
      "X4"
    ]
  ],
  "treatment": "X0",
  "outcome": "X3",
  "true_ate": 0.4405389643001602,
  "obs_EY_given_T_low": -0.20976610614794708,
  "obs_EY_given_T_high": 0.15121812345245542,
  "intv_EY_do_T_low": -0.4497673511745414,
  "intv_EY_do_T_high": 0.4221106376533984,
  "intv_ate": 0.8718779888279398
}