{
  "problem_id": 73,
  "var_names": [
    "X0",
    "X1",
    "X2",
    "X3",
    "X4",
    "X5"
  ],
  "edges": [
    [
      "X0",
      "X5"
    ],
    [
      "X1",
      "X2"
    ],
    [
      "X1",
      "X4"
    ],
    [
      "X1",
      "X5"
    ],
    [
      "X2",
      "X4"
    ],
    [
      "X2",
      "X5"
    ],
    [
      "X3",
      "X5"
    ]
  ],
  "treatment": "X1",
  "outcome": "X5",
  "true_ate": 2.676359259157191,
  "obs_EY_given_T_low": -1.0707641119668019,
  "obs_EY_given_T_high": 1.1058188296400353,
  "intv_EY_do_T_low": -0.8241102308875534,
  "intv_EY_do_T_high": 0.9253739927847375,
  "intv_ate": 1.749484223672291
}