{
  "problem_id": 55,
  "var_names": [
    "X0",
    "X1",
    "X2",
    "X3",
    "X4"
  ],
  "edges": [
    [
      "X1",
      "X2"
    ],
    [
      "X1",
      "X4"
    ],
    [
      "X2",
      "X3"
    ],
    [
      "X2",
      "X4"
    ]
  ],
  "treatment": "X1",
  "outcome": "X2",
  "true_ate": 0.4774296118502503,
  "obs_EY_given_T_low": -0.20186118304821973,
  "obs_EY_given_T_high": 0.19657324837506587,
  "intv_EY_do_T_low": -0.48499923383254145,
  "intv_EY_do_T_high": 0.48274259568817135,
  "intv_ate": 0.9677418295207127
}