{
  "problem_id": 31,
  "var_names": [
    "X0",
    "X1",
    "X2",
    "X3",
    "X4"
  ],
  "edges": [
    [
      "X0",
      "X2"
    ],
    [
      "X0",
      "X3"
    ],
    [
      "X1",
      "X2"
    ],
    [
      "X1",
      "X3"
    ],
    [
      "X2",
      "X3"
    ]
  ],
  "treatment": "X0",
  "outcome": "X2",
  "true_ate": 1.1394215103652339,
  "obs_EY_given_T_low": -0.5554721923227104,
  "obs_EY_given_T_high": 0.43659921156168574,
  "intv_EY_do_T_low": -1.1909705654077325,
  "intv_EY_do_T_high": 1.0967801644030875,
  "intv_ate": 2.2877507298108197
}