{
  "problem_id": 124,
  "var_names": [
    "X0",
    "X1",
    "X2",
    "X3"
  ],
  "edges": [
    [
      "X0",
      "X2"
    ],
    [
      "X1",
      "X2"
    ]
  ],
  "treatment": "X0",
  "outcome": "X2",
  "true_ate": 1.7921525122015216,
  "obs_EY_given_T_low": -0.7209843934674156,
  "obs_EY_given_T_high": 0.7434102375874831,
  "intv_EY_do_T_low": -1.7891170883460272,
  "intv_EY_do_T_high": 1.7877754952061111,
  "intv_ate": 3.576892583552138
}