{
  "problem_id": 78,
  "var_names": [
    "X0",
    "X1",
    "X2",
    "X3"
  ],
  "edges": [
    [
      "X0",
      "X2"
    ],
    [
      "X0",
      "X3"
    ]
  ],
  "treatment": "X0",
  "outcome": "X2",
  "true_ate": 0.8407689607955988,
  "obs_EY_given_T_low": -0.32921638652737983,
  "obs_EY_given_T_high": 0.3353924157337954,
  "intv_EY_do_T_low": -0.8076088792046044,
  "intv_EY_do_T_high": 0.8384191507978552,
  "intv_ate": 1.6460280300024597
}