{
  "problem_id": 140,
  "var_names": [
    "X0",
    "X1",
    "X2",
    "X3",
    "X4",
    "X5"
  ],
  "edges": [
    [
      "X0",
      "X1"
    ],
    [
      "X2",
      "X4"
    ]
  ],
  "treatment": "X0",
  "outcome": "X1",
  "true_ate": 1.5334077793136178,
  "obs_EY_given_T_low": -0.6009490845485593,
  "obs_EY_given_T_high": 0.5889625924588637,
  "intv_EY_do_T_low": -1.498633771822138,
  "intv_EY_do_T_high": 1.4617666589695992,
  "intv_ate": 2.9604004307917373
}