{
  "problem_id": 133,
  "var_names": [
    "X0",
    "X1",
    "X2",
    "X3",
    "X4",
    "X5"
  ],
  "edges": [
    [
      "X0",
      "X3"
    ],
    [
      "X0",
      "X4"
    ],
    [
      "X0",
      "X5"
    ],
    [
      "X1",
      "X4"
    ],
    [
      "X1",
      "X5"
    ]
  ],
  "treatment": "X1",
  "outcome": "X4",
  "true_ate": 1.589568216427198,
  "obs_EY_given_T_low": -0.6097370203482188,
  "obs_EY_given_T_high": 0.6609815316512411,
  "intv_EY_do_T_low": -1.5451605376600497,
  "intv_EY_do_T_high": 1.586698563115275,
  "intv_ate": 3.1318591007753245
}