{
  "problem_id": 143,
  "var_names": [
    "X0",
    "X1",
    "X2",
    "X3"
  ],
  "edges": [
    [
      "X2",
      "X3"
    ]
  ],
  "treatment": "X2",
  "outcome": "X3",
  "true_ate": 1.70660608373561,
  "obs_EY_given_T_low": -0.7029897184122708,
  "obs_EY_given_T_high": 0.6578201834444865,
  "intv_EY_do_T_low": -1.697108392783613,
  "intv_EY_do_T_high": 1.7072418406029357,
  "intv_ate": 3.4043502333865487
}