{
  "problem_id": 2,
  "var_names": [
    "X0",
    "X1",
    "X2",
    "X3",
    "X4"
  ],
  "edges": [
    [
      "X0",
      "X1"
    ],
    [
      "X0",
      "X2"
    ],
    [
      "X0",
      "X3"
    ],
    [
      "X1",
      "X2"
    ],
    [
      "X1",
      "X4"
    ],
    [
      "X2",
      "X3"
    ]
  ],
  "treatment": "X0",
  "outcome": "X2",
  "true_ate": 4.338201409238131,
  "obs_EY_given_T_low": -1.7334855029555574,
  "obs_EY_given_T_high": 1.7241213064054666,
  "intv_EY_do_T_low": -1.5941817919409755,
  "intv_EY_do_T_high": 1.5343240990998186,
  "intv_ate": 3.128505891040794
}