{
  "problem_id": 85,
  "var_names": [
    "X0",
    "X1",
    "X2",
    "X3",
    "X4"
  ],
  "edges": [
    [
      "X0",
      "X1"
    ],
    [
      "X0",
      "X2"
    ],
    [
      "X2",
      "X4"
    ],
    [
      "X3",
      "X4"
    ]
  ],
  "treatment": "X3",
  "outcome": "X4",
  "true_ate": 1.5036604345645337,
  "obs_EY_given_T_low": -0.6028134032378566,
  "obs_EY_given_T_high": 0.6208981545136734,
  "intv_EY_do_T_low": -1.5136861675934146,
  "intv_EY_do_T_high": 1.518736475211127,
  "intv_ate": 3.0324226428045415
}