{
  "problem_id": 53,
  "var_names": [
    "X0",
    "X1",
    "X2"
  ],
  "edges": [
    [
      "X1",
      "X2"
    ]
  ],
  "treatment": "X1",
  "outcome": "X2",
  "true_ate": 1.6347687853102766,
  "obs_EY_given_T_low": -0.6499683030902055,
  "obs_EY_given_T_high": 0.6513232330786943,
  "intv_EY_do_T_low": -1.6280094256741322,
  "intv_EY_do_T_high": 1.638516149385042,
  "intv_ate": 3.266525575059174
}