{
  "problem_id": 118,
  "var_names": [
    "X0",
    "X1",
    "X2",
    "X3",
    "X4"
  ],
  "edges": [
    [
      "X2",
      "X3"
    ]
  ],
  "treatment": "X2",
  "outcome": "X3",
  "true_ate": 1.621600549799833,
  "obs_EY_given_T_low": -0.6360821792956701,
  "obs_EY_given_T_high": 0.6392714345945003,
  "intv_EY_do_T_low": -1.6006685091812065,
  "intv_EY_do_T_high": 1.612989180770558,
  "intv_ate": 3.2136576899517646
}