{
  "problem_id": 54,
  "var_names": [
    "X0",
    "X1",
    "X2",
    "X3",
    "X4"
  ],
  "edges": [
    [
      "X1",
      "X4"
    ]
  ],
  "treatment": "X1",
  "outcome": "X4",
  "true_ate": 0.8731066989176486,
  "obs_EY_given_T_low": -0.3286634660970332,
  "obs_EY_given_T_high": 0.32400155930910035,
  "intv_EY_do_T_low": -0.8776252250172459,
  "intv_EY_do_T_high": 0.8631784538882812,
  "intv_ate": 1.740803678905527
}