{
  "problem_id": 111,
  "var_names": [
    "X0",
    "X1",
    "X2"
  ],
  "edges": [
    [
      "X1",
      "X2"
    ]
  ],
  "treatment": "X1",
  "outcome": "X2",
  "true_ate": 0.8680294192532707,
  "obs_EY_given_T_low": -0.3826977159484188,
  "obs_EY_given_T_high": 0.33711604987884153,
  "intv_EY_do_T_low": -0.8626334912701302,
  "intv_EY_do_T_high": 0.8497623254685556,
  "intv_ate": 1.712395816738686
}