{
  "problem_id": 67,
  "var_names": [
    "X0",
    "X1",
    "X2",
    "X3",
    "X4"
  ],
  "edges": [
    [
      "X0",
      "X4"
    ],
    [
      "X1",
      "X3"
    ],
    [
      "X1",
      "X4"
    ]
  ],
  "treatment": "X0",
  "outcome": "X4",
  "true_ate": 1.2296492096293374,
  "obs_EY_given_T_low": -0.5159958588999368,
  "obs_EY_given_T_high": 0.46200286252472755,
  "intv_EY_do_T_low": -1.2386399659166683,
  "intv_EY_do_T_high": 1.2103913532242678,
  "intv_ate": 2.449031319140936
}