{
  "problem_id": 14,
  "var_names": [
    "X0",
    "X1",
    "X2",
    "X3",
    "X4"
  ],
  "edges": [
    [
      "X0",
      "X2"
    ],
    [
      "X1",
      "X3"
    ],
    [
      "X3",
      "X4"
    ]
  ],
  "treatment": "X3",
  "outcome": "X4",
  "true_ate": 1.1192108156308034,
  "obs_EY_given_T_low": -0.765353138836503,
  "obs_EY_given_T_high": 0.7556822035007891,
  "intv_EY_do_T_low": -1.9307264008572274,
  "intv_EY_do_T_high": 1.9162466597661272,
  "intv_ate": 3.8469730606233545
}