{
  "problem_id": 66,
  "var_names": [
    "X0",
    "X1",
    "X2",
    "X3"
  ],
  "edges": [
    [
      "X0",
      "X3"
    ],
    [
      "X1",
      "X3"
    ],
    [
      "X2",
      "X3"
    ]
  ],
  "treatment": "X1",
  "outcome": "X3",
  "true_ate": 0.6320124137333927,
  "obs_EY_given_T_low": -0.19839186201735276,
  "obs_EY_given_T_high": 0.1511348741277413,
  "intv_EY_do_T_low": -0.6668042528489866,
  "intv_EY_do_T_high": 0.628016425995909,
  "intv_ate": 1.2948206788448955
}