{
  "problem_id": 24,
  "var_names": [
    "X0",
    "X1",
    "X2",
    "X3"
  ],
  "edges": [
    [
      "X0",
      "X3"
    ]
  ],
  "treatment": "X0",
  "outcome": "X3",
  "true_ate": 1.5064749430890385,
  "obs_EY_given_T_low": -0.5151103676506595,
  "obs_EY_given_T_high": 0.6703315881427641,
  "intv_EY_do_T_low": -1.4348442947552766,
  "intv_EY_do_T_high": 1.5900436213822728,
  "intv_ate": 3.0248879161375495
}