{
  "problem_id": 107,
  "var_names": [
    "X0",
    "X1",
    "X2",
    "X3"
  ],
  "edges": [
    [
      "X0",
      "X1"
    ],
    [
      "X0",
      "X2"
    ],
    [
      "X0",
      "X3"
    ],
    [
      "X2",
      "X3"
    ]
  ],
  "treatment": "X0",
  "outcome": "X2",
  "true_ate": 0.9976790797632755,
  "obs_EY_given_T_low": -0.40310440667707775,
  "obs_EY_given_T_high": 0.3934842141450266,
  "intv_EY_do_T_low": -1.0021137718589308,
  "intv_EY_do_T_high": 1.0065354434598626,
  "intv_ate": 2.008649215318793
}