{
  "problem_id": 103,
  "var_names": [
    "X0",
    "X1",
    "X2",
    "X3",
    "X4"
  ],
  "edges": [
    [
      "X0",
      "X2"
    ],
    [
      "X0",
      "X4"
    ],
    [
      "X1",
      "X4"
    ],
    [
      "X2",
      "X4"
    ]
  ],
  "treatment": "X0",
  "outcome": "X4",
  "true_ate": 1.2879667182483654,
  "obs_EY_given_T_low": -0.5466484278824492,
  "obs_EY_given_T_high": 0.4817490369263071,
  "intv_EY_do_T_low": -1.1702060410704558,
  "intv_EY_do_T_high": 1.110643259949285,
  "intv_ate": 2.2808493010197406
}