{
  "problem_id": 80,
  "var_names": [
    "X0",
    "X1",
    "X2",
    "X3",
    "X4"
  ],
  "edges": [
    [
      "X0",
      "X2"
    ],
    [
      "X0",
      "X3"
    ],
    [
      "X0",
      "X4"
    ],
    [
      "X2",
      "X3"
    ]
  ],
  "treatment": "X0",
  "outcome": "X4",
  "true_ate": 1.6912680415477104,
  "obs_EY_given_T_low": -0.676788678208098,
  "obs_EY_given_T_high": 0.6813336803201734,
  "intv_EY_do_T_low": -1.6629369650802037,
  "intv_EY_do_T_high": 1.7136050155109412,
  "intv_ate": 3.3765419805911447
}