{
  "problem_id": 94,
  "var_names": [
    "X0",
    "X1",
    "X2",
    "X3",
    "X4"
  ],
  "edges": [
    [
      "X0",
      "X1"
    ],
    [
      "X0",
      "X2"
    ],
    [
      "X0",
      "X3"
    ],
    [
      "X2",
      "X3"
    ],
    [
      "X2",
      "X4"
    ]
  ],
  "treatment": "X0",
  "outcome": "X3",
  "true_ate": 1.9291155246951366,
  "obs_EY_given_T_low": -0.7847937467879442,
  "obs_EY_given_T_high": 0.7608729875719723,
  "intv_EY_do_T_low": -1.061018412636167,
  "intv_EY_do_T_high": 1.0052182881549385,
  "intv_ate": 2.0662367007911056
}