{
  "problem_id": 37,
  "var_names": [
    "X0",
    "X1",
    "X2",
    "X3",
    "X4"
  ],
  "edges": [
    [
      "X0",
      "X2"
    ],
    [
      "X0",
      "X4"
    ],
    [
      "X1",
      "X2"
    ],
    [
      "X1",
      "X3"
    ],
    [
      "X2",
      "X4"
    ]
  ],
  "treatment": "X2",
  "outcome": "X4",
  "true_ate": 0.7229579283225057,
  "obs_EY_given_T_low": -0.8717286300741134,
  "obs_EY_given_T_high": 0.9192311991207011,
  "intv_EY_do_T_low": -1.534561602914659,
  "intv_EY_do_T_high": 1.5082016962262759,
  "intv_ate": 3.042763299140935
}