{
  "problem_id": 149,
  "var_names": [
    "X0",
    "X1",
    "X2",
    "X3"
  ],
  "edges": [
    [
      "X0",
      "X3"
    ],
    [
      "X1",
      "X2"
    ]
  ],
  "treatment": "X0",
  "outcome": "X3",
  "true_ate": 1.2659472801952167,
  "obs_EY_given_T_low": -0.47427351900386155,
  "obs_EY_given_T_high": 0.49599702348539665,
  "intv_EY_do_T_low": -1.214623211912568,
  "intv_EY_do_T_high": 1.2058717472703588,
  "intv_ate": 2.4204949591829266
}