{
  "problem_id": 45,
  "var_names": [
    "X0",
    "X1",
    "X2",
    "X3",
    "X4",
    "X5"
  ],
  "edges": [
    [
      "X0",
      "X3"
    ],
    [
      "X1",
      "X2"
    ],
    [
      "X2",
      "X3"
    ],
    [
      "X2",
      "X5"
    ],
    [
      "X3",
      "X4"
    ],
    [
      "X3",
      "X5"
    ]
  ],
  "treatment": "X3",
  "outcome": "X5",
  "true_ate": 1.103586459228229,
  "obs_EY_given_T_low": -1.3852516636143173,
  "obs_EY_given_T_high": 1.5559658655514272,
  "intv_EY_do_T_low": -2.661638473515318,
  "intv_EY_do_T_high": 2.7184239824867564,
  "intv_ate": 5.380062456002074
}