{
  "problem_id": 83,
  "var_names": [
    "X0",
    "X1",
    "X2",
    "X3",
    "X4",
    "X5"
  ],
  "edges": [
    [
      "X0",
      "X4"
    ],
    [
      "X0",
      "X5"
    ],
    [
      "X2",
      "X3"
    ],
    [
      "X3",
      "X4"
    ]
  ],
  "treatment": "X0",
  "outcome": "X4",
  "true_ate": 0.6435017253265034,
  "obs_EY_given_T_low": -0.2364669166923047,
  "obs_EY_given_T_high": 0.2809400704711023,
  "intv_EY_do_T_low": -0.6725416909812639,
  "intv_EY_do_T_high": 0.679282715249391,
  "intv_ate": 1.351824406230655
}