{
  "problem_id": 134,
  "var_names": [
    "X0",
    "X1",
    "X2",
    "X3",
    "X4",
    "X5"
  ],
  "edges": [
    [
      "X0",
      "X2"
    ],
    [
      "X1",
      "X2"
    ],
    [
      "X1",
      "X4"
    ],
    [
      "X1",
      "X5"
    ],
    [
      "X2",
      "X4"
    ],
    [
      "X3",
      "X4"
    ],
    [
      "X3",
      "X5"
    ]
  ],
  "treatment": "X0",
  "outcome": "X4",
  "true_ate": 0.5839918583762581,
  "obs_EY_given_T_low": -0.2530210003825522,
  "obs_EY_given_T_high": 0.2659448868556325,
  "intv_EY_do_T_low": -0.004261137057657336,
  "intv_EY_do_T_high": -0.009428944082206786,
  "intv_ate": -0.00516780702454945
}