{
  "problem_id": 76,
  "var_names": [
    "X0",
    "X1",
    "X2"
  ],
  "edges": [
    [
      "X1",
      "X2"
    ]
  ],
  "treatment": "X1",
  "outcome": "X2",
  "true_ate": 0.4426759390330409,
  "obs_EY_given_T_low": -0.19146871493358,
  "obs_EY_given_T_high": 0.18939406101775644,
  "intv_EY_do_T_low": -0.43742751047239664,
  "intv_EY_do_T_high": 0.42392323870458815,
  "intv_ate": 0.8613507491769847
}