{
  "problem_id": 87,
  "var_names": [
    "X0",
    "X1",
    "X2"
  ],
  "edges": [
    [
      "X0",
      "X2"
    ]
  ],
  "treatment": "X0",
  "outcome": "X2",
  "true_ate": 0.49238271532424777,
  "obs_EY_given_T_low": -0.19886076338880632,
  "obs_EY_given_T_high": 0.20266700109086774,
  "intv_EY_do_T_low": -0.4953672717203931,
  "intv_EY_do_T_high": 0.5100280591772268,
  "intv_ate": 1.00539533089762
}