{
  "problem_id": 108,
  "var_names": [
    "X0",
    "X1",
    "X2",
    "X3",
    "X4",
    "X5"
  ],
  "edges": [
    [
      "X0",
      "X1"
    ],
    [
      "X0",
      "X4"
    ],
    [
      "X1",
      "X4"
    ],
    [
      "X1",
      "X5"
    ],
    [
      "X2",
      "X3"
    ],
    [
      "X4",
      "X5"
    ]
  ],
  "treatment": "X0",
  "outcome": "X5",
  "true_ate": 2.5929798190640483,
  "obs_EY_given_T_low": -1.0246354292724806,
  "obs_EY_given_T_high": 1.0454105754571401,
  "intv_EY_do_T_low": -0.003275504668224279,
  "intv_EY_do_T_high": 0.002192094071844892,
  "intv_ate": 0.0054675987400691715
}