{
  "problem_id": 25,
  "var_names": [
    "X0",
    "X1",
    "X2",
    "X3",
    "X4",
    "X5"
  ],
  "edges": [
    [
      "X0",
      "X2"
    ],
    [
      "X0",
      "X4"
    ],
    [
      "X1",
      "X3"
    ],
    [
      "X1",
      "X4"
    ],
    [
      "X1",
      "X5"
    ],
    [
      "X2",
      "X4"
    ],
    [
      "X2",
      "X5"
    ]
  ],
  "treatment": "X2",
  "outcome": "X5",
  "true_ate": 1.4671998111225357,
  "obs_EY_given_T_low": -0.9185942530262003,
  "obs_EY_given_T_high": 0.9370129528699326,
  "intv_EY_do_T_low": -2.2558318446676457,
  "intv_EY_do_T_high": 2.3085245431650976,
  "intv_ate": 4.564356387832744
}