{
  "problem_id": 20,
  "var_names": [
    "X0",
    "X1",
    "X2",
    "X3",
    "X4",
    "X5"
  ],
  "edges": [
    [
      "X0",
      "X4"
    ],
    [
      "X2",
      "X3"
    ],
    [
      "X2",
      "X5"
    ],
    [
      "X3",
      "X4"
    ],
    [
      "X3",
      "X5"
    ],
    [
      "X4",
      "X5"
    ]
  ],
  "treatment": "X2",
  "outcome": "X4",
  "true_ate": 0.7525586542773134,
  "obs_EY_given_T_low": -0.32866740480877377,
  "obs_EY_given_T_high": 0.31275020635599626,
  "intv_EY_do_T_low": -0.03921427950388765,
  "intv_EY_do_T_high": -0.023460173741527465,
  "intv_ate": 0.015754105762360186
}