{
  "problem_id": 43,
  "var_names": [
    "X0",
    "X1",
    "X2",
    "X3",
    "X4"
  ],
  "edges": [
    [
      "X0",
      "X1"
    ],
    [
      "X1",
      "X4"
    ],
    [
      "X2",
      "X4"
    ]
  ],
  "treatment": "X1",
  "outcome": "X4",
  "true_ate": 0.7125502109945927,
  "obs_EY_given_T_low": -0.5566041976261897,
  "obs_EY_given_T_high": 0.5592861291189507,
  "intv_EY_do_T_low": -1.3515645599244182,
  "intv_EY_do_T_high": 1.3838692449628958,
  "intv_ate": 2.7354338048873137
}