{
  "problem_id": 81,
  "var_names": [
    "X0",
    "X1",
    "X2"
  ],
  "edges": [
    [
      "X0",
      "X2"
    ],
    [
      "X1",
      "X2"
    ]
  ],
  "treatment": "X0",
  "outcome": "X2",
  "true_ate": 1.7976162079548654,
  "obs_EY_given_T_low": -0.7532058437768065,
  "obs_EY_given_T_high": 0.6680558574510536,
  "intv_EY_do_T_low": -1.834133620947134,
  "intv_EY_do_T_high": 1.7405268222976122,
  "intv_ate": 3.5746604432447464
}