{
  "problem_id": 42,
  "var_names": [
    "X0",
    "X1",
    "X2",
    "X3",
    "X4",
    "X5"
  ],
  "edges": [
    [
      "X0",
      "X5"
    ],
    [
      "X1",
      "X4"
    ],
    [
      "X1",
      "X5"
    ],
    [
      "X2",
      "X4"
    ],
    [
      "X3",
      "X5"
    ],
    [
      "X4",
      "X5"
    ]
  ],
  "treatment": "X2",
  "outcome": "X5",
  "true_ate": 3.1098955455032096,
  "obs_EY_given_T_low": -1.2309619289803158,
  "obs_EY_given_T_high": 1.3220960337140055,
  "intv_EY_do_T_low": 0.07488702377177843,
  "intv_EY_do_T_high": 0.03434263034223741,
  "intv_ate": -0.04054439342954102
}