{
  "problem_id": 101,
  "var_names": [
    "X0",
    "X1",
    "X2",
    "X3",
    "X4",
    "X5"
  ],
  "edges": [
    [
      "X1",
      "X4"
    ],
    [
      "X2",
      "X3"
    ],
    [
      "X3",
      "X4"
    ]
  ],
  "treatment": "X2",
  "outcome": "X4",
  "true_ate": 0.4464204896025563,
  "obs_EY_given_T_low": -0.15617072316816075,
  "obs_EY_given_T_high": 0.15854736158002777,
  "intv_EY_do_T_low": 0.011066381377912422,
  "intv_EY_do_T_high": 0.004891157411484448,
  "intv_ate": -0.006175223966427974
}