{
  "problem_id": 17,
  "var_names": [
    "X0",
    "X1",
    "X2",
    "X3",
    "X4"
  ],
  "edges": [
    [
      "X0",
      "X3"
    ],
    [
      "X0",
      "X4"
    ],
    [
      "X1",
      "X2"
    ],
    [
      "X1",
      "X3"
    ],
    [
      "X1",
      "X4"
    ],
    [
      "X2",
      "X4"
    ]
  ],
  "treatment": "X2",
  "outcome": "X4",
  "true_ate": 0.33496803611811465,
  "obs_EY_given_T_low": -0.5825427785815874,
  "obs_EY_given_T_high": 0.5961527576174126,
  "intv_EY_do_T_low": -0.548788354672607,
  "intv_EY_do_T_high": 0.561594934102644,
  "intv_ate": 1.110383288775251
}