{
  "problem_id": 23,
  "var_names": [
    "X0",
    "X1",
    "X2",
    "X3"
  ],
  "edges": [
    [
      "X0",
      "X1"
    ],
    [
      "X1",
      "X2"
    ]
  ],
  "treatment": "X0",
  "outcome": "X2",
  "true_ate": 1.8455173262773228,
  "obs_EY_given_T_low": -0.7638313928569723,
  "obs_EY_given_T_high": 0.7618753586980688,
  "intv_EY_do_T_low": -0.009887311932468017,
  "intv_EY_do_T_high": -0.0004937120920577885,
  "intv_ate": 0.009393599840410228
}