{
  "problem_id": 114,
  "var_names": [
    "X0",
    "X1",
    "X2"
  ],
  "edges": [
    [
      "X0",
      "X1"
    ],
    [
      "X0",
      "X2"
    ],
    [
      "X1",
      "X2"
    ]
  ],
  "treatment": "X1",
  "outcome": "X2",
  "true_ate": 0.801589767202072,
  "obs_EY_given_T_low": -1.229178868788591,
  "obs_EY_given_T_high": 1.1048492468244402,
  "intv_EY_do_T_low": -1.5713634462898771,
  "intv_EY_do_T_high": 1.4954097027699227,
  "intv_ate": 3.0667731490597996
}