{
  "problem_id": 51,
  "var_names": [
    "X0",
    "X1",
    "X2",
    "X3",
    "X4"
  ],
  "edges": [
    [
      "X1",
      "X3"
    ],
    [
      "X3",
      "X4"
    ]
  ],
  "treatment": "X3",
  "outcome": "X4",
  "true_ate": 0.7242551611235475,
  "obs_EY_given_T_low": -0.45783527188914147,
  "obs_EY_given_T_high": 0.4603289779557147,
  "intv_EY_do_T_low": -1.1844269464627228,
  "intv_EY_do_T_high": 1.1935327321630242,
  "intv_ate": 2.3779596786257473
}