{
  "problem_id": 70,
  "var_names": [
    "X0",
    "X1",
    "X2",
    "X3",
    "X4",
    "X5"
  ],
  "edges": [
    [
      "X0",
      "X1"
    ],
    [
      "X0",
      "X4"
    ],
    [
      "X0",
      "X5"
    ],
    [
      "X2",
      "X4"
    ]
  ],
  "treatment": "X0",
  "outcome": "X4",
  "true_ate": 0.6575763359402876,
  "obs_EY_given_T_low": -0.28169006558645554,
  "obs_EY_given_T_high": 0.18205801833614582,
  "intv_EY_do_T_low": -0.6963910794407704,
  "intv_EY_do_T_high": 0.6336326055858168,
  "intv_ate": 1.3300236850265872
}