{
  "problem_id": 35,
  "var_names": [
    "X0",
    "X1",
    "X2",
    "X3"
  ],
  "edges": [
    [
      "X0",
      "X3"
    ],
    [
      "X1",
      "X2"
    ],
    [
      "X1",
      "X3"
    ],
    [
      "X2",
      "X3"
    ]
  ],
  "treatment": "X1",
  "outcome": "X3",
  "true_ate": 1.410960335443874,
  "obs_EY_given_T_low": -0.6155036763001022,
  "obs_EY_given_T_high": 0.5811652235912513,
  "intv_EY_do_T_low": -1.3422864768185792,
  "intv_EY_do_T_high": 1.3537996651291337,
  "intv_ate": 2.696086141947713
}