{
  "problem_id": 147,
  "var_names": [
    "X0",
    "X1",
    "X2",
    "X3",
    "X4",
    "X5"
  ],
  "edges": [
    [
      "X0",
      "X2"
    ],
    [
      "X0",
      "X5"
    ],
    [
      "X1",
      "X2"
    ],
    [
      "X1",
      "X3"
    ],
    [
      "X1",
      "X4"
    ],
    [
      "X1",
      "X5"
    ],
    [
      "X4",
      "X5"
    ]
  ],
  "treatment": "X1",
  "outcome": "X3",
  "true_ate": 0.8899946452858611,
  "obs_EY_given_T_low": -0.36199046567197285,
  "obs_EY_given_T_high": 0.35772599316449716,
  "intv_EY_do_T_low": -0.8927272666822014,
  "intv_EY_do_T_high": 0.9050670620440553,
  "intv_ate": 1.7977943287262566
}