{
  "problem_id": 50,
  "var_names": [
    "X0",
    "X1",
    "X2",
    "X3",
    "X4",
    "X5"
  ],
  "edges": [
    [
      "X0",
      "X2"
    ],
    [
      "X0",
      "X3"
    ],
    [
      "X0",
      "X4"
    ],
    [
      "X0",
      "X5"
    ],
    [
      "X1",
      "X3"
    ],
    [
      "X1",
      "X4"
    ],
    [
      "X2",
      "X3"
    ],
    [
      "X2",
      "X4"
    ],
    [
      "X2",
      "X5"
    ],
    [
      "X3",
      "X4"
    ],
    [
      "X3",
      "X5"
    ],
    [
      "X4",
      "X5"
    ]
  ],
  "treatment": "X3",
  "outcome": "X4",
  "true_ate": 1.423126583845672,
  "obs_EY_given_T_low": -1.6871295724135793,
  "obs_EY_given_T_high": 1.6468108660431477,
  "intv_EY_do_T_low": -2.4381867700306836,
  "intv_EY_do_T_high": 2.331264753146089,
  "intv_ate": 4.769451523176773
}