{
  "problem_id": 115,
  "var_names": [
    "X0",
    "X1",
    "X2"
  ],
  "edges": [
    [
      "X0",
      "X1"
    ]
  ],
  "treatment": "X0",
  "outcome": "X1",
  "true_ate": 1.6062598266862549,
  "obs_EY_given_T_low": -0.6337243245197233,
  "obs_EY_given_T_high": 0.6607859332760057,
  "intv_EY_do_T_low": -1.585118377791759,
  "intv_EY_do_T_high": 1.6257766737849337,
  "intv_ate": 3.210895051576693
}