{
  "problem_id": 60,
  "var_names": [
    "X0",
    "X1",
    "X2"
  ],
  "edges": [
    [
      "X0",
      "X1"
    ]
  ],
  "treatment": "X0",
  "outcome": "X1",
  "true_ate": 0.5555427067026544,
  "obs_EY_given_T_low": -0.20669469185373832,
  "obs_EY_given_T_high": 0.21880074575279515,
  "intv_EY_do_T_low": -0.530721008836767,
  "intv_EY_do_T_high": 0.5709972899963077,
  "intv_ate": 1.1017182988330747
}