{
  "problem_id": 116,
  "var_names": [
    "X0",
    "X1",
    "X2",
    "X3",
    "X4",
    "X5"
  ],
  "edges": [
    [
      "X1",
      "X5"
    ],
    [
      "X2",
      "X5"
    ],
    [
      "X3",
      "X5"
    ]
  ],
  "treatment": "X1",
  "outcome": "X5",
  "true_ate": 1.5031943907472969,
  "obs_EY_given_T_low": -0.6303752660355676,
  "obs_EY_given_T_high": 0.5741242849450248,
  "intv_EY_do_T_low": -1.552212554400021,
  "intv_EY_do_T_high": 1.494605053142548,
  "intv_ate": 3.046817607542569
}