{
  "problem_id": 61,
  "var_names": [
    "X0",
    "X1",
    "X2",
    "X3",
    "X4"
  ],
  "edges": [
    [
      "X0",
      "X1"
    ],
    [
      "X0",
      "X2"
    ],
    [
      "X0",
      "X3"
    ],
    [
      "X1",
      "X3"
    ],
    [
      "X1",
      "X4"
    ]
  ],
  "treatment": "X0",
  "outcome": "X1",
  "true_ate": 1.4823582245640259,
  "obs_EY_given_T_low": -0.543684029748124,
  "obs_EY_given_T_high": 0.6580873217468584,
  "intv_EY_do_T_low": -1.454965841345751,
  "intv_EY_do_T_high": 1.5144322480133334,
  "intv_ate": 2.9693980893590846
}