{
  "problem_id": 72,
  "var_names": [
    "X0",
    "X1",
    "X2",
    "X3",
    "X4",
    "X5"
  ],
  "edges": [
    [
      "X0",
      "X2"
    ],
    [
      "X2",
      "X3"
    ],
    [
      "X2",
      "X4"
    ],
    [
      "X2",
      "X5"
    ],
    [
      "X3",
      "X5"
    ]
  ],
  "treatment": "X2",
  "outcome": "X3",
  "true_ate": 1.0302208253576095,
  "obs_EY_given_T_low": -0.5284210895557826,
  "obs_EY_given_T_high": 0.5186973891765703,
  "intv_EY_do_T_low": -1.3210423030858234,
  "intv_EY_do_T_high": 1.3574694326975394,
  "intv_ate": 2.6785117357833625
}