{
  "problem_id": 93,
  "var_names": [
    "X0",
    "X1",
    "X2"
  ],
  "edges": [
    [
      "X0",
      "X2"
    ]
  ],
  "treatment": "X0",
  "outcome": "X2",
  "true_ate": 1.734721370387757,
  "obs_EY_given_T_low": -0.7126734632600678,
  "obs_EY_given_T_high": 0.6700080486035777,
  "intv_EY_do_T_low": -1.7833565177969994,
  "intv_EY_do_T_high": 1.6609997721757808,
  "intv_ate": 3.44435628997278
}