{
  "problem_id": 90,
  "var_names": [
    "X0",
    "X1",
    "X2",
    "X3"
  ],
  "edges": [
    [
      "X0",
      "X1"
    ]
  ],
  "treatment": "X0",
  "outcome": "X1",
  "true_ate": 0.3522870110362257,
  "obs_EY_given_T_low": -0.14789779868113162,
  "obs_EY_given_T_high": 0.12812523550893806,
  "intv_EY_do_T_low": -0.36057858490297473,
  "intv_EY_do_T_high": 0.3373066777348517,
  "intv_ate": 0.6978852626378265
}