{
  "problem_id": 102,
  "var_names": [
    "X0",
    "X1",
    "X2",
    "X3"
  ],
  "edges": [
    [
      "X0",
      "X2"
    ],
    [
      "X0",
      "X3"
    ],
    [
      "X1",
      "X2"
    ],
    [
      "X1",
      "X3"
    ],
    [
      "X2",
      "X3"
    ]
  ],
  "treatment": "X0",
  "outcome": "X2",
  "true_ate": 0.8236104121096024,
  "obs_EY_given_T_low": -0.28426958024701193,
  "obs_EY_given_T_high": 0.33286223389831887,
  "intv_EY_do_T_low": -0.7711371597033949,
  "intv_EY_do_T_high": 0.8329407805220306,
  "intv_ate": 1.6040779402254255
}