{
  "problem_id": 11,
  "var_names": [
    "X0",
    "X1",
    "X2",
    "X3",
    "X4",
    "X5"
  ],
  "edges": [
    [
      "X0",
      "X1"
    ],
    [
      "X0",
      "X5"
    ],
    [
      "X2",
      "X4"
    ],
    [
      "X2",
      "X5"
    ],
    [
      "X4",
      "X5"
    ]
  ],
  "treatment": "X2",
  "outcome": "X4",
  "true_ate": 1.0121276047484304,
  "obs_EY_given_T_low": -0.38692993039162865,
  "obs_EY_given_T_high": 0.38866885289901254,
  "intv_EY_do_T_low": -1.0049301552826297,
  "intv_EY_do_T_high": 1.0275221496317613,
  "intv_ate": 2.0324523049143908
}