{
  "problem_id": 129,
  "var_names": [
    "X0",
    "X1",
    "X2",
    "X3",
    "X4",
    "X5"
  ],
  "edges": [
    [
      "X0",
      "X1"
    ],
    [
      "X2",
      "X4"
    ],
    [
      "X4",
      "X5"
    ]
  ],
  "treatment": "X2",
  "outcome": "X4",
  "true_ate": 1.318640470545118,
  "obs_EY_given_T_low": -0.5149847794962987,
  "obs_EY_given_T_high": 0.527556168753971,
  "intv_EY_do_T_low": -1.3023917964405396,
  "intv_EY_do_T_high": 1.3031303939564838,
  "intv_ate": 2.605522190397023
}