{
  "problem_id": 119,
  "var_names": [
    "X0",
    "X1",
    "X2"
  ],
  "edges": [
    [
      "X1",
      "X2"
    ]
  ],
  "treatment": "X1",
  "outcome": "X2",
  "true_ate": 0.30371119677155234,
  "obs_EY_given_T_low": -0.09998993855979149,
  "obs_EY_given_T_high": 0.13541429522985868,
  "intv_EY_do_T_low": -0.31182891977151056,
  "intv_EY_do_T_high": 0.315227066424378,
  "intv_ate": 0.6270559861958885
}