{
  "problem_id": 138,
  "var_names": [
    "X0",
    "X1",
    "X2",
    "X3"
  ],
  "edges": [
    [
      "X1",
      "X2"
    ],
    [
      "X1",
      "X3"
    ]
  ],
  "treatment": "X1",
  "outcome": "X2",
  "true_ate": 0.9525591989280826,
  "obs_EY_given_T_low": -0.387097422092705,
  "obs_EY_given_T_high": 0.34194622423576854,
  "intv_EY_do_T_low": -0.941106236421662,
  "intv_EY_do_T_high": 0.9489929978565751,
  "intv_ate": 1.890099234278237
}