{
  "problem_id": 62,
  "var_names": [
    "X0",
    "X1",
    "X2",
    "X3"
  ],
  "edges": [
    [
      "X0",
      "X3"
    ],
    [
      "X1",
      "X2"
    ]
  ],
  "treatment": "X0",
  "outcome": "X3",
  "true_ate": 0.30423939306978637,
  "obs_EY_given_T_low": -0.14577075133692272,
  "obs_EY_given_T_high": 0.13343759967879557,
  "intv_EY_do_T_low": -0.3097985568510337,
  "intv_EY_do_T_high": 0.30604198619000095,
  "intv_ate": 0.6158405430410346
}